final_distance,min_distance,total_distance,total_return,mean_action_norm,num_steps,action_smoothness,success,mean_residual_action_norm,mean_baseline_action_norm,mean_final_action_norm,initial_distance,initial_achieved,initial_desired,episode,policy,env_id,kp,residual_alpha,model_path
0.0020451761752601025,0.0020451761752601025,0.6391360466079952,268.9849105805015,0.10596099495887756,50,0.5600516200065613,True,0.22592046856880188,0.0637090876698494,0.10596099495887756,0.13661639837391912,[1.3418334  0.74910102 0.53473344],[1.42402052 0.73076455 0.64231175],0,sac,FetchReachDense-v4,5.0,0.3,models/residual_sac/0.3_auto_auto_200000_20260702-171707/best_model.zip
0.03613120938780653,0.030537964542402533,2.264602286453274,162.92034578327065,0.4131182134151459,50,0.662982165813446,False,0.8759753704071045,0.222847118973732,0.4131182134151459,0.20384802891047266,[1.3418334  0.74910102 0.53473344],[1.38752348 0.61223362 0.39074125],1,sac,FetchReachDense-v4,5.0,0.3,models/residual_sac/0.3_auto_auto_200000_20260702-171707/best_model.zip
0.002293079881113738,0.002293079881113738,0.640580896179388,265.4953411384008,0.11034516245126724,50,0.5669748783111572,True,0.22826118767261505,0.06382878124713898,0.11034516245126724,0.13742657320450302,[1.3418334  0.74910102 0.53473344],[1.22860335 0.67653494 0.50646359],2,sac,FetchReachDense-v4,5.0,0.3,models/residual_sac/0.3_auto_auto_200000_20260702-171707/best_model.zip
0.002732230345538157,0.002732230345538157,0.4343784855636493,270.8196978394456,0.06256943196058273,50,0.457622766494751,True,0.15217623114585876,0.04316462576389313,0.06256943196058273,0.08252430179611872,[1.3418334  0.74910102 0.53473344],[1.3637729  0.75764836 0.61382745],3,sac,FetchReachDense-v4,5.0,0.3,models/residual_sac/0.3_auto_auto_200000_20260702-171707/best_model.zip
0.0007982142977255184,0.0007982142977255184,0.6896175450953889,305.8789319702801,0.12173912674188614,50,0.5882859230041504,True,0.2003357857465744,0.06888193637132645,0.12173912674188614,0.18854205079412953,[1.3418334  0.74910102 0.53473344],[1.46351498 0.62226906 0.4665033 ],4,sac,FetchReachDense-v4,5.0,0.3,models/residual_sac/0.3_auto_auto_200000_20260702-171707/best_model.zip
0.00281413117322722,0.00281413117322722,0.644545552310656,257.02134047455905,0.07554853707551956,50,0.38388633728027344,True,0.16605179011821747,0.0641731470823288,0.07554853707551956,0.10565334115390425,[1.3418334  0.74910102 0.53473344],[1.4143743  0.82520167 0.52428654],5,sac,FetchReachDense-v4,5.0,0.3,models/residual_sac/0.3_auto_auto_200000_20260702-171707/best_model.zip
0.0013128872197021883,0.0013128872197021883,0.30128707562230056,297.2319855317023,0.029439732432365417,50,0.07119739055633545,True,0.03003210946917534,0.02999741956591606,0.029439732432365417,0.04447090523356623,[1.3418334  0.74910102 0.53473344],[1.30814366 0.77783307 0.53887254],6,sac,FetchReachDense-v4,5.0,0.3,models/residual_sac/0.3_auto_auto_200000_20260702-171707/best_model.zip
0.0022817396569625808,0.0022817396569625808,0.4008889683644105,273.9835946536384,0.04756704717874527,50,0.387210488319397,True,0.10923553258180618,0.03986072167754173,0.04756704717874527,0.059377028867830466,[1.3418334  0.74910102 0.53473344],[1.30068996 0.7770662  0.50231744],7,sac,FetchReachDense-v4,5.0,0.3,models/residual_sac/0.3_auto_auto_200000_20260702-171707/best_model.zip
0.003846022489677019,0.003846022489677019,0.7569361729922479,246.32887967427118,0.09472566843032837,50,0.461168110370636,True,0.21775949001312256,0.07530901581048965,0.09472566843032837,0.13289766648970486,[1.3418334  0.74910102 0.53473344],[1.42806051 0.84920182 0.54910371],8,sac,FetchReachDense-v4,5.0,0.3,models/residual_sac/0.3_auto_auto_200000_20260702-171707/best_model.zip
0.0009684740729299966,0.0009684740729299966,0.6271973262251925,295.900570795451,0.11078470945358276,50,0.5732869505882263,True,0.19575528800487518,0.06262288242578506,0.11078470945358276,0.16239485253860492,[1.3418334  0.74910102 0.53473344],[1.47456606 0.69124253 0.46120436],9,sac,FetchReachDense-v4,5.0,0.3,models/residual_sac/0.3_auto_auto_200000_20260702-171707/best_model.zip
0.002433971223110777,0.002433971223110777,0.3496769031385162,273.84178266297357,0.035221584141254425,50,0.2784261405467987,True,0.101793073117733,0.034724291414022446,0.035221584141254425,0.04166939560493595,[1.3418334  0.74910102 0.53473344],[1.37656259 0.77136891 0.54059545],10,sac,FetchReachDense-v4,5.0,0.3,models/residual_sac/0.3_auto_auto_200000_20260702-171707/best_model.zip
0.0034327284103660765,0.003028047442004473,0.8125505111078933,256.6866469235483,0.12868916988372803,50,0.70997554063797,True,0.2589937746524811,0.08091177046298981,0.12868916988372803,0.1684913208283174,[1.3418334  0.74910102 0.53473344],[1.1951718  0.81477422 0.48407053],11,sac,FetchReachDense-v4,5.0,0.3,models/residual_sac/0.3_auto_auto_200000_20260702-171707/best_model.zip
0.010775378361786584,0.010722724262004086,0.9483681253182888,218.36731464830802,0.14394184947013855,50,0.6100873947143555,False,0.20002976059913635,0.09375926852226257,0.14394184947013855,0.15121654031134146,[1.3418334  0.74910102 0.53473344],[1.25856916 0.75467501 0.40862857],12,sac,FetchReachDense-v4,5.0,0.3,models/residual_sac/0.3_auto_auto_200000_20260702-171707/best_model.zip
0.002150511057274936,0.002150511057274936,0.7015766897142056,271.89006763702895,0.12096473574638367,50,0.5315130949020386,True,0.21793147921562195,0.06994261592626572,0.12096473574638367,0.17157597168928332,[1.3418334  0.74910102 0.53473344],[1.44150936 0.8602947  0.45024094],13,sac,FetchReachDense-v4,5.0,0.3,models/residual_sac/0.3_auto_auto_200000_20260702-171707/best_model.zip
0.0004750850121016622,0.0004544562086166587,0.9042715073414644,302.22532689124114,0.14567548036575317,50,0.6773931980133057,True,0.21739521622657776,0.09037964791059494,0.14567548036575317,0.21543312437550508,[1.3418334  0.74910102 0.53473344],[1.40967152 0.60417187 0.67897269],14,sac,FetchReachDense-v4,5.0,0.3,models/residual_sac/0.3_auto_auto_200000_20260702-171707/best_model.zip
0.0022413832472012326,0.0022413832472012326,0.5479350203774279,272.08116854302216,0.08993125706911087,50,0.5519716739654541,True,0.1989096701145172,0.05456935986876488,0.08993125706911087,0.11671498522421372,[1.3418334  0.74910102 0.53473344],[1.39708371 0.73959461 0.63710248],15,sac,FetchReachDense-v4,5.0,0.3,models/residual_sac/0.3_auto_auto_200000_20260702-171707/best_model.zip
0.004326878567214995,0.004326515486029862,0.734486034005624,249.8951987734614,0.09543349593877792,50,0.5328760147094727,True,0.19133995473384857,0.07301591336727142,0.09543349593877792,0.14902287370995365,[1.3418334  0.74910102 0.53473344],[1.28453724 0.8630511  0.45765981],16,sac,FetchReachDense-v4,5.0,0.3,models/residual_sac/0.3_auto_auto_200000_20260702-171707/best_model.zip
0.0019365682270520302,0.0019365682270520302,0.6505336993389771,277.1256955773244,0.1054086685180664,50,0.5132906436920166,True,0.1961391270160675,0.06485971808433533,0.1054086685180664,0.15319213957252487,[1.3418334  0.74910102 0.53473344],[1.36815785 0.84692087 0.41981551],17,sac,FetchReachDense-v4,5.0,0.3,models/residual_sac/0.3_auto_auto_200000_20260702-171707/best_model.zip
0.01889568098396824,0.01889568098396824,1.5915648869308254,186.65320000884265,0.20763637125492096,50,0.5021967887878418,False,0.33226367831230164,0.15726691484451294,0.20763637125492096,0.20185854013249363,[1.3418334  0.74910102 0.53473344],[1.28911885 0.60724494 0.40114864],18,sac,FetchReachDense-v4,5.0,0.3,models/residual_sac/0.3_auto_auto_200000_20260702-171707/best_model.zip
0.0012062573753461342,0.0012062573753461342,0.4437718585947842,296.0896961267083,0.07776343077421188,50,0.3764687478542328,True,0.15348529815673828,0.04425656422972679,0.07776343077421188,0.10349752329323018,[1.3418334  0.74910102 0.53473344],[1.30414599 0.83068171 0.58607531],19,sac,FetchReachDense-v4,5.0,0.3,models/residual_sac/0.3_auto_auto_200000_20260702-171707/best_model.zip
0.0024263540098020554,0.0024263540098020554,0.5438996175501125,269.8232207928508,0.08707686513662338,50,0.45575007796287537,True,0.19266940653324127,0.054147329181432724,0.08707686513662338,0.11701221493132463,[1.3418334  0.74910102 0.53473344],[1.37462975 0.82343301 0.61894159],20,sac,FetchReachDense-v4,5.0,0.3,models/residual_sac/0.3_auto_auto_200000_20260702-171707/best_model.zip
0.002621268612499644,0.002621268612499644,0.8435380576808219,257.7789277904843,0.12264717370271683,50,0.5556837320327759,True,0.21391697227954865,0.0840916857123375,0.12264717370271683,0.17439502467944024,[1.3418334  0.74910102 0.53473344],[1.35985751 0.89677868 0.44373859],21,sac,FetchReachDense-v4,5.0,0.3,models/residual_sac/0.3_auto_auto_200000_20260702-171707/best_model.zip
0.01698249928461835,0.016237364601408646,1.361069157073348,196.60972893200153,0.20870278775691986,50,0.527226984500885,False,0.3630969226360321,0.13440866768360138,0.20870278775691986,0.18634857905531155,[1.3418334  0.74910102 0.53473344],[1.47488174 0.75610291 0.40444566],22,sac,FetchReachDense-v4,5.0,0.3,models/residual_sac/0.3_auto_auto_200000_20260702-171707/best_model.zip
0.0024570710354981456,0.0024570710354981456,0.7261952090378491,263.7522146360085,0.1042306050658226,50,0.5604338049888611,True,0.20754896104335785,0.07237381488084793,0.1042306050658226,0.14098304623016733,[1.3418334  0.74910102 0.53473344],[1.20605115 0.75456767 0.49718994],23,sac,FetchReachDense-v4,5.0,0.3,models/residual_sac/0.3_auto_auto_200000_20260702-171707/best_model.zip
0.01368972510002727,0.013181787508088336,1.2144231255889624,206.0935474636476,0.18382783234119415,50,0.566594123840332,False,0.29181310534477234,0.1200733408331871,0.18382783234119415,0.18952731750897597,[1.3418334  0.74910102 0.53473344],[1.46895386 0.80694646 0.40661281],24,sac,FetchReachDense-v4,5.0,0.3,models/residual_sac/0.3_auto_auto_200000_20260702-171707/best_model.zip
0.0014630742440973948,0.0014600847038766295,0.4994057388410527,289.36381354822447,0.09112762659788132,50,0.5501130819320679,True,0.17792552709579468,0.0497942715883255,0.09112762659788132,0.11490799810762906,[1.3418334  0.74910102 0.53473344],[1.31613315 0.63718251 0.53892789],25,sac,FetchReachDense-v4,5.0,0.3,models/residual_sac/0.3_auto_auto_200000_20260702-171707/best_model.zip
0.0018952985984058072,0.0018952985984058072,0.5374704802426616,280.09630206494086,0.08733256161212921,50,0.4269683063030243,True,0.18598949909210205,0.05355751886963844,0.08733256161212921,0.11684001252326624,[1.3418334  0.74910102 0.53473344],[1.33714372 0.8535989  0.58678906],26,sac,FetchReachDense-v4,5.0,0.3,models/residual_sac/0.3_auto_auto_200000_20260702-171707/best_model.zip
0.0026123960648674225,0.0026123960648674225,0.548964905312275,268.92181887480535,0.08030453324317932,50,0.5111408233642578,True,0.16919592022895813,0.05463525280356407,0.08030453324317932,0.11240008751474191,[1.3418334  0.74910102 0.53473344],[1.36594541 0.75715663 0.64422087],27,sac,FetchReachDense-v4,5.0,0.3,models/residual_sac/0.3_auto_auto_200000_20260702-171707/best_model.zip
0.002816287607264072,0.002816287607264072,0.5327132088647737,263.8038099180403,0.06029399856925011,50,0.3872523903846741,True,0.11687349528074265,0.05298968777060509,0.06029399856925011,0.0929181434021909,[1.3418334  0.74910102 0.53473344],[1.30605415 0.81624278 0.48138917],28,sac,FetchReachDense-v4,5.0,0.3,models/residual_sac/0.3_auto_auto_200000_20260702-171707/best_model.zip
0.0009840559435130526,0.0009840554735157216,0.47190781813022264,298.55870963523046,0.08010180294513702,50,0.5113174915313721,True,0.13781453669071198,0.04709237068891525,0.08010180294513702,0.10803117856188992,[1.3418334  0.74910102 0.53473344],[1.2678578  0.75736267 0.61302834],29,sac,FetchReachDense-v4,5.0,0.3,models/residual_sac/0.3_auto_auto_200000_20260702-171707/best_model.zip
0.0008949443031109532,0.0008827968889986722,0.7259305509384926,305.65231979453387,0.12492339313030243,50,0.5816065669059753,True,0.2019156813621521,0.07250355929136276,0.12492339313030243,0.19663751727681664,[1.3418334  0.74910102 0.53473344],[1.44318472 0.60110356 0.45416685],30,sac,FetchReachDense-v4,5.0,0.3,models/residual_sac/0.3_auto_auto_200000_20260702-171707/best_model.zip
0.0028647989667050532,0.0028647989667050532,0.4311983426898791,271.3267201420897,0.06487350910902023,50,0.4653536379337311,True,0.1653631031513214,0.0428333505988121,0.06487350910902023,0.09113338733769039,[1.3418334  0.74910102 0.53473344],[1.33962456 0.69011128 0.46530271],31,sac,FetchReachDense-v4,5.0,0.3,models/residual_sac/0.3_auto_auto_200000_20260702-171707/best_model.zip
0.003419650284515724,0.003419650284515724,0.8285745213569983,243.1825939090205,0.10703366249799728,50,0.4863029420375824,True,0.25007525086402893,0.08251550048589706,0.10703366249799728,0.12975876744710355,[1.3418334  0.74910102 0.53473344],[1.46014718 0.75531731 0.58765362],32,sac,FetchReachDense-v4,5.0,0.3,models/residual_sac/0.3_auto_auto_200000_20260702-171707/best_model.zip
0.0014522109926821548,0.0012456492906035154,0.5584016996708214,292.6002738080061,0.11222615838050842,50,0.5841532945632935,True,0.21675220131874084,0.055694952607154846,0.11222615838050842,0.143717716971616,[1.3418334  0.74910102 0.53473344],[1.25582121 0.64503974 0.58400751],33,sac,FetchReachDense-v4,5.0,0.3,models/residual_sac/0.3_auto_auto_200000_20260702-171707/best_model.zip
0.005100289118866466,0.005100289118866466,0.9422398887518298,235.87394792470587,0.13100263476371765,50,0.5430864095687866,False,0.2997729182243347,0.09371396899223328,0.13100263476371765,0.18070882148818487,[1.3418334  0.74910102 0.53473344],[1.43373315 0.89475801 0.5894523 ],34,sac,FetchReachDense-v4,5.0,0.3,models/residual_sac/0.3_auto_auto_200000_20260702-171707/best_model.zip
0.0019187872677038432,0.0019183587492011117,0.47143916633770533,285.93391582999527,0.08328688889741898,50,0.44496849179267883,True,0.16066116094589233,0.04695203900337219,0.08328688889741898,0.11617846277076242,[1.3418334  0.74910102 0.53473344],[1.42761339 0.76445261 0.45789883],35,sac,FetchReachDense-v4,5.0,0.3,models/residual_sac/0.3_auto_auto_200000_20260702-171707/best_model.zip
0.0025044350728506276,0.0025044350728506276,0.5504669810370172,277.2414075438992,0.0822540670633316,50,0.38619640469551086,True,0.16425107419490814,0.054796252399683,0.0822540670633316,0.12701322907342527,[1.3418334  0.74910102 0.53473344],[1.31749263 0.87364161 0.54016733],36,sac,FetchReachDense-v4,5.0,0.3,models/residual_sac/0.3_auto_auto_200000_20260702-171707/best_model.zip
0.0009397591440335651,0.0003391024802778442,0.7706290735334026,319.3443717417638,0.14436203241348267,50,0.6214262843132019,True,0.24523435533046722,0.07696893811225891,0.14436203241348267,0.22016178226868954,[1.3418334  0.74910102 0.53473344],[1.46771442 0.6205878  0.66165678],37,sac,FetchReachDense-v4,5.0,0.3,models/residual_sac/0.3_auto_auto_200000_20260702-171707/best_model.zip
0.027112009334586778,0.024749731656062833,1.902780172520098,174.96901785768452,0.3597499132156372,50,0.6189442873001099,False,0.6994632482528687,0.18756680190563202,0.3597499132156372,0.2126745421351912,[1.3418334  0.74910102 0.53473344],[1.4127811  0.60462666 0.39572249],38,sac,FetchReachDense-v4,5.0,0.3,models/residual_sac/0.3_auto_auto_200000_20260702-171707/best_model.zip
0.0008626946714301878,0.000858457864582349,0.6133982574906851,301.1032233977431,0.10681603103876114,50,0.5835669040679932,True,0.185010626912117,0.061253562569618225,0.10681603103876114,0.15216565632660986,[1.3418334  0.74910102 0.53473344],[1.32206769 0.66258952 0.65834357],39,sac,FetchReachDense-v4,5.0,0.3,models/residual_sac/0.3_auto_auto_200000_20260702-171707/best_model.zip
0.0026225815472722693,0.0026225815472722693,0.888640692864565,257.85513831168896,0.14208872616291046,50,0.5556495189666748,True,0.25274741649627686,0.08860180526971817,0.14208872616291046,0.20196547131107676,[1.3418334  0.74910102 0.53473344],[1.49112533 0.85553741 0.45003829],40,sac,FetchReachDense-v4,5.0,0.3,models/residual_sac/0.3_auto_auto_200000_20260702-171707/best_model.zip
0.0016413548901915939,0.0016285247037361012,0.637365929845461,283.05141162948723,0.11782959848642349,50,0.5867047905921936,True,0.22918176651000977,0.063572458922863,0.11782959848642349,0.15230790549692488,[1.3418334  0.74910102 0.53473344],[1.286758   0.61248248 0.57346034],41,sac,FetchReachDense-v4,5.0,0.3,models/residual_sac/0.3_auto_auto_200000_20260702-171707/best_model.zip
0.004386142983125214,0.004386142983125214,0.7711704619545477,245.47784011889138,0.11710207164287567,50,0.5314681529998779,True,0.273354172706604,0.07667842507362366,0.11710207164287567,0.15765742115847411,[1.3418334  0.74910102 0.53473344],[1.41146317 0.86916212 0.60951906],42,sac,FetchReachDense-v4,5.0,0.3,models/residual_sac/0.3_auto_auto_200000_20260702-171707/best_model.zip
0.00202193840694079,0.002000084650377153,0.7028500534364149,270.5461962306836,0.10393070429563522,50,0.7013144493103027,True,0.18621307611465454,0.07008281350135803,0.10393070429563522,0.1374163360656539,[1.3418334  0.74910102 0.53473344],[1.2051306  0.74063172 0.52360402],43,sac,FetchReachDense-v4,5.0,0.3,models/residual_sac/0.3_auto_auto_200000_20260702-171707/best_model.zip
0.0006450643694902034,0.0006448032680053876,0.35935033036119096,333.045479529386,0.07386308908462524,50,0.4202430248260498,True,0.14426849782466888,0.03587052598595619,0.07386308908462524,0.1090307633106537,[1.3418334  0.74910102 0.53473344],[1.3764724  0.65170729 0.56940779],44,sac,FetchReachDense-v4,5.0,0.3,models/residual_sac/0.3_auto_auto_200000_20260702-171707/best_model.zip
0.0010578504566955906,0.0010568323122528834,0.553667214175067,296.6370461715108,0.09412963688373566,50,0.5051268339157104,True,0.16163000464439392,0.05526094511151314,0.09412963688373566,0.13170324492608168,[1.3418334  0.74910102 0.53473344],[1.36306063 0.83416281 0.43644997],45,sac,FetchReachDense-v4,5.0,0.3,models/residual_sac/0.3_auto_auto_200000_20260702-171707/best_model.zip
0.0020112054836992116,0.0020112054836992116,0.565717897406415,271.9407352806654,0.09609881043434143,50,0.46362417936325073,True,0.19319459795951843,0.05637066811323166,0.09609881043434143,0.12116097569091208,[1.3418334  0.74910102 0.53473344],[1.25370729 0.81005729 0.59128522],46,sac,FetchReachDense-v4,5.0,0.3,models/residual_sac/0.3_auto_auto_200000_20260702-171707/best_model.zip
0.0024507463748685756,0.0024507463748685756,0.5428241794040868,267.912378244684,0.08288025110960007,50,0.43621015548706055,True,0.18572713434696198,0.054037343710660934,0.08288025110960007,0.10900522136516852,[1.3418334  0.74910102 0.53473344],[1.36456684 0.83008267 0.60406814],47,sac,FetchReachDense-v4,5.0,0.3,models/residual_sac/0.3_auto_auto_200000_20260702-171707/best_model.zip
0.0016059862751590839,0.0016059862751590839,0.35447775178545404,291.5128020782287,0.04350881651043892,50,0.21866978704929352,True,0.07056262344121933,0.035287175327539444,0.04350881651043892,0.06689955260898593,[1.3418334  0.74910102 0.53473344],[1.30353354 0.80367015 0.54029039],48,sac,FetchReachDense-v4,5.0,0.3,models/residual_sac/0.3_auto_auto_200000_20260702-171707/best_model.zip
0.0022611986628337725,0.0022611986628337725,0.8052556182315102,260.7534294736728,0.1290469616651535,50,0.6014434695243835,True,0.2458629608154297,0.08029944449663162,0.1290469616651535,0.16899299765544737,[1.3418334  0.74910102 0.53473344],[1.27675862 0.87217631 0.63052685],49,sac,FetchReachDense-v4,5.0,0.3,models/residual_sac/0.3_auto_auto_200000_20260702-171707/best_model.zip
0.0012090828948445082,0.0012090828948445082,0.5627713846724046,293.60598424067535,0.09330547600984573,50,0.584077775478363,True,0.15597884356975555,0.056156225502491,0.09330547600984573,0.1382867804597629,[1.3418334  0.74910102 0.53473344],[1.37209299 0.62185658 0.48982861],50,sac,FetchReachDense-v4,5.0,0.3,models/residual_sac/0.3_auto_auto_200000_20260702-171707/best_model.zip
0.0027823918437986047,0.0027823918437986047,0.8367921118527396,254.1611171498861,0.11626674979925156,50,0.5643824934959412,True,0.24552792310714722,0.08340096473693848,0.11626674979925156,0.1467298693240254,[1.3418334  0.74910102 0.53473344],[1.48748081 0.76205446 0.52253942],51,sac,FetchReachDense-v4,5.0,0.3,models/residual_sac/0.3_auto_auto_200000_20260702-171707/best_model.zip
0.0019331230480726094,0.0019331230480726094,0.6055600017970042,271.7768665711219,0.10402631014585495,50,0.432804137468338,True,0.20930515229701996,0.06036268174648285,0.10402631014585495,0.13430373586864797,[1.3418334  0.74910102 0.53473344],[1.26373498 0.83570893 0.60134574],52,sac,FetchReachDense-v4,5.0,0.3,models/residual_sac/0.3_auto_auto_200000_20260702-171707/best_model.zip
0.0030995004910028584,0.003099475266307744,0.7574189860212884,255.72777207250016,0.10828866809606552,50,0.5218903422355652,True,0.20260246098041534,0.0754319503903389,0.10828866809606552,0.14925770059898577,[1.3418334  0.74910102 0.53473344],[1.35427065 0.87309326 0.45258054],53,sac,FetchReachDense-v4,5.0,0.3,models/residual_sac/0.3_auto_auto_200000_20260702-171707/best_model.zip
0.0028978028035158542,0.0028978028035158542,0.5920435718112586,258.35338352404193,0.07249489426612854,50,0.40983590483665466,True,0.17131797969341278,0.05891457945108414,0.07249489426612854,0.09929747043569892,[1.3418334  0.74910102 0.53473344],[1.41058441 0.8192679  0.5492212 ],54,sac,FetchReachDense-v4,5.0,0.3,models/residual_sac/0.3_auto_auto_200000_20260702-171707/best_model.zip
0.0022068115371174602,0.0022068115371174602,0.3844727143148844,273.52454561692394,0.05627947673201561,50,0.4017344117164612,True,0.1541413962841034,0.03822658956050873,0.05627947673201561,0.056391017243755566,[1.3418334  0.74910102 0.53473344],[1.39411572 0.72879439 0.54057697],55,sac,FetchReachDense-v4,5.0,0.3,models/residual_sac/0.3_auto_auto_200000_20260702-171707/best_model.zip
0.015483186383395698,0.014097726096212168,1.3410820260113832,202.00127343692535,0.19949334859848022,50,0.5573233366012573,False,0.3539218008518219,0.1325598806142807,0.19949334859848022,0.2128268706950665,[1.3418334  0.74910102 0.53473344],[1.47493036 0.8545003  0.40639223],56,sac,FetchReachDense-v4,5.0,0.3,models/residual_sac/0.3_auto_auto_200000_20260702-171707/best_model.zip
0.0014499386545560422,0.0014499386545560422,0.1716527048652279,305.6551978241907,0.014611221849918365,50,0.03008369542658329,True,0.03820640221238136,0.017020275816321373,0.014611221849918365,0.019934111389310928,[1.3418334  0.74910102 0.53473344],[1.3436429  0.76862851 0.53830716],57,sac,FetchReachDense-v4,5.0,0.3,models/residual_sac/0.3_auto_auto_200000_20260702-171707/best_model.zip
0.0019878450666435455,0.0019878450666435455,0.5170946858362376,279.7625233190449,0.08816105872392654,50,0.46528851985931396,True,0.167582705616951,0.05151068791747093,0.08816105872392654,0.12227209332473325,[1.3418334  0.74910102 0.53473344],[1.44232819 0.77806723 0.47139135],58,sac,FetchReachDense-v4,5.0,0.3,models/residual_sac/0.3_auto_auto_200000_20260702-171707/best_model.zip
0.002475992622796746,0.002475992622796746,0.7950213885136587,257.46451417656937,0.1264801174402237,50,0.5634365677833557,True,0.26114264130592346,0.07925455272197723,0.1264801174402237,0.16365722032831012,[1.3418334  0.74910102 0.53473344],[1.47489345 0.70692733 0.620174  ],59,sac,FetchReachDense-v4,5.0,0.3,models/residual_sac/0.3_auto_auto_200000_20260702-171707/best_model.zip
0.0022000393562680316,0.0021999972105077935,0.6872556023195431,267.3185321931312,0.1116298958659172,50,0.5586093664169312,True,0.21349500119686127,0.06850555539131165,0.1116298958659172,0.14320392123379896,[1.3418334  0.74910102 0.53473344],[1.23983104 0.77488408 0.63188341],60,sac,FetchReachDense-v4,5.0,0.3,models/residual_sac/0.3_auto_auto_200000_20260702-171707/best_model.zip
0.0030291009566031134,0.0030291009566031134,0.6068564910433044,261.69319382444417,0.10340496152639389,50,0.5227521061897278,True,0.2379361093044281,0.06038273870944977,0.10340496152639389,0.1381980227844047,[1.3418334  0.74910102 0.53473344],[1.28563867 0.66639649 0.43933529],61,sac,FetchReachDense-v4,5.0,0.3,models/residual_sac/0.3_auto_auto_200000_20260702-171707/best_model.zip
0.0018258779966814581,0.0018257634511979696,0.5514622148647423,284.85575844334755,0.10106977820396423,50,0.49728041887283325,True,0.18837934732437134,0.05496363341808319,0.10106977820396423,0.14454748917758134,[1.3418334  0.74910102 0.53473344],[1.44340315 0.80674547 0.44955902],62,sac,FetchReachDense-v4,5.0,0.3,models/residual_sac/0.3_auto_auto_200000_20260702-171707/best_model.zip
0.006410970746188428,0.006410970746188428,1.0192934235995148,228.8724618184919,0.14125090837478638,50,0.5971066355705261,False,0.24717052280902863,0.10128824412822723,0.14125090837478638,0.19517552477156486,[1.3418334  0.74910102 0.53473344],[1.3832923  0.89653895 0.41375121],63,sac,FetchReachDense-v4,5.0,0.3,models/residual_sac/0.3_auto_auto_200000_20260702-171707/best_model.zip
0.004203121979176201,0.003910555154006017,1.0030348615827474,248.465983534435,0.14686493575572968,50,0.6488946080207825,True,0.26682889461517334,0.09988316893577576,0.14686493575572968,0.2296994957900697,[1.3418334  0.74910102 0.53473344],[1.48655606 0.61122107 0.42156838],64,sac,FetchReachDense-v4,5.0,0.3,models/residual_sac/0.3_auto_auto_200000_20260702-171707/best_model.zip
0.002338332630082982,0.002338332630082982,0.3707509765946094,272.44253814315465,0.04741593822836876,50,0.4094412922859192,True,0.1359853595495224,0.036841265857219696,0.04741593822836876,0.045068436798122544,[1.3418334  0.74910102 0.53473344],[1.38639448 0.74240759 0.53555359],65,sac,FetchReachDense-v4,5.0,0.3,models/residual_sac/0.3_auto_auto_200000_20260702-171707/best_model.zip
0.0018211408682142069,0.0018211408682142069,0.5892242025486186,290.76974708510727,0.10966122895479202,50,0.49068447947502136,True,0.21976369619369507,0.05874030664563179,0.10966122895479202,0.16161841400949759,[1.3418334  0.74910102 0.53473344],[1.44863185 0.78878357 0.42010404],66,sac,FetchReachDense-v4,5.0,0.3,models/residual_sac/0.3_auto_auto_200000_20260702-171707/best_model.zip
0.002481995253485359,0.002481995253485359,0.6252043503974525,265.3650475876203,0.09962970018386841,50,0.45140835642814636,True,0.21711033582687378,0.06227223575115204,0.09962970018386841,0.12763572086727934,[1.3418334  0.74910102 0.53473344],[1.35495638 0.85152367 0.6097552 ],67,sac,FetchReachDense-v4,5.0,0.3,models/residual_sac/0.3_auto_auto_200000_20260702-171707/best_model.zip
0.003500088227601677,0.003500088227601677,0.8918184705505977,241.0309883372945,0.11733756959438324,50,0.5076895952224731,True,0.26445162296295166,0.0888318344950676,0.11733756959438324,0.1440763153279236,[1.3418334  0.74910102 0.53473344],[1.47098154 0.75283236 0.59848937],68,sac,FetchReachDense-v4,5.0,0.3,models/residual_sac/0.3_auto_auto_200000_20260702-171707/best_model.zip
0.002070907789938334,0.002070907789938334,0.6470588455716619,268.5090063463294,0.11628846079111099,50,0.723824143409729,True,0.2330123335123062,0.06449879705905914,0.11628846079111099,0.14367012006469085,[1.3418334  0.74910102 0.53473344],[1.23793211 0.64989201 0.53652167],69,sac,FetchReachDense-v4,5.0,0.3,models/residual_sac/0.3_auto_auto_200000_20260702-171707/best_model.zip
0.0030855483808477444,0.0030855483808477444,0.8172533523816787,253.87183235508277,0.13590113818645477,50,0.5370847582817078,True,0.2690357267856598,0.0814167782664299,0.13590113818645477,0.17868225308729827,[1.3418334  0.74910102 0.53473344],[1.22677141 0.85234709 0.6243344 ],70,sac,FetchReachDense-v4,5.0,0.3,models/residual_sac/0.3_auto_auto_200000_20260702-171707/best_model.zip
0.002899481366665165,0.002899481366665165,0.8312232673426608,258.85772583083946,0.1410280168056488,50,0.576978862285614,True,0.2764865458011627,0.08283238112926483,0.1410280168056488,0.19729210036553502,[1.3418334  0.74910102 0.53473344],[1.21300713 0.64436171 0.4281612 ],71,sac,FetchReachDense-v4,5.0,0.3,models/residual_sac/0.3_auto_auto_200000_20260702-171707/best_model.zip
0.0004553196550351479,0.00023055279541388905,0.43881842525590936,344.4276853270067,0.08824093639850616,50,0.5825501084327698,True,0.16421547532081604,0.043836310505867004,0.08824093639850616,0.12883305798641878,[1.3418334  0.74910102 0.53473344],[1.41020018 0.64174876 0.51474764],72,sac,FetchReachDense-v4,5.0,0.3,models/residual_sac/0.3_auto_auto_200000_20260702-171707/best_model.zip
0.0026136439873881254,0.0026136439873881254,0.5039199059767443,263.2811013281754,0.05805593356490135,50,0.33434170484542847,True,0.147718608379364,0.05013062432408333,0.05805593356490135,0.06948562554182547,[1.3418334  0.74910102 0.53473344],[1.40253511 0.78021374 0.54798309],73,sac,FetchReachDense-v4,5.0,0.3,models/residual_sac/0.3_auto_auto_200000_20260702-171707/best_model.zip
0.0021484676392484426,0.0021189799875997698,0.9482257115958523,258.8197598235872,0.15359750390052795,50,0.6764483451843262,True,0.27371716499328613,0.09460772573947906,0.15359750390052795,0.20312012325244638,[1.3418334  0.74910102 0.53473344],[1.24354463 0.86217766 0.67188582],74,sac,FetchReachDense-v4,5.0,0.3,models/residual_sac/0.3_auto_auto_200000_20260702-171707/best_model.zip
0.0006323826312805849,0.0006323826312805849,0.5656708654151267,314.95764803306895,0.10721172392368317,50,0.5160770416259766,True,0.20184266567230225,0.05650384724140167,0.10721172392368317,0.1554532610961815,[1.3418334  0.74910102 0.53473344],[1.45433723 0.64646532 0.56595072],75,sac,FetchReachDense-v4,5.0,0.3,models/residual_sac/0.3_auto_auto_200000_20260702-171707/best_model.zip
0.005950904631034067,0.005950904631034067,1.019824800053225,230.29877625394485,0.13714124262332916,50,0.5678939819335938,False,0.2958105206489563,0.1013873741030693,0.13714124262332916,0.19590679355847443,[1.3418334  0.74910102 0.53473344],[1.47104059 0.8803696  0.46799864],76,sac,FetchReachDense-v4,5.0,0.3,models/residual_sac/0.3_auto_auto_200000_20260702-171707/best_model.zip
0.0026679902841824287,0.0026679902841824287,1.071154862210058,243.27157868885794,0.13793803751468658,50,0.6120240688323975,True,0.26553982496261597,0.10684868693351746,0.13793803751468658,0.18094805396059427,[1.3418334  0.74910102 0.53473344],[1.47870582 0.81873468 0.63043763],77,sac,FetchReachDense-v4,5.0,0.3,models/residual_sac/0.3_auto_auto_200000_20260702-171707/best_model.zip
0.0008531730884669655,0.0008531730884669655,0.6612185921750424,309.96184694231516,0.11872462928295135,50,0.5752382874488831,True,0.19788509607315063,0.06603653728961945,0.11872462928295135,0.1857296416943182,[1.3418334  0.74910102 0.53473344],[1.44795617 0.61622201 0.46005662],78,sac,FetchReachDense-v4,5.0,0.3,models/residual_sac/0.3_auto_auto_200000_20260702-171707/best_model.zip
0.001182617516938889,0.001182617516938889,0.46626844570216586,298.9484613216631,0.08667053282260895,50,0.48814502358436584,True,0.17585347592830658,0.046508580446243286,0.08667053282260895,0.12135217687946585,[1.3418334  0.74910102 0.53473344],[1.38167844 0.68847176 0.63201045],79,sac,FetchReachDense-v4,5.0,0.3,models/residual_sac/0.3_auto_auto_200000_20260702-171707/best_model.zip
0.0006386950325817021,0.0006386950325817021,0.49035183062768795,323.73199149247955,0.09795320779085159,50,0.6039270758628845,True,0.18427522480487823,0.04897131398320198,0.09795320779085159,0.14263766958364898,[1.3418334  0.74910102 0.53473344],[1.43943947 0.65178822 0.49800771],80,sac,FetchReachDense-v4,5.0,0.3,models/residual_sac/0.3_auto_auto_200000_20260702-171707/best_model.zip
0.0012276129928021765,0.001009069000453942,0.6123454735142009,303.5126531724279,0.1084512248635292,50,0.6337959170341492,True,0.18731354176998138,0.06111178919672966,0.1084512248635292,0.16717533984644228,[1.3418334  0.74910102 0.53473344],[1.39653926 0.61524733 0.45084034],81,sac,FetchReachDense-v4,5.0,0.3,models/residual_sac/0.3_auto_auto_200000_20260702-171707/best_model.zip
0.0039342005948503275,0.0039342005948503275,0.8232632686249444,250.9018698567518,0.13025681674480438,50,0.5502711534500122,True,0.27880266308784485,0.0819329097867012,0.13025681674480438,0.1857023642959075,[1.3418334  0.74910102 0.53473344],[1.42740964 0.83485883 0.67547318],82,sac,FetchReachDense-v4,5.0,0.3,models/residual_sac/0.3_auto_auto_200000_20260702-171707/best_model.zip
0.0027118717588947346,0.0027118717588947346,0.61443033414825,262.77651465695294,0.09070444107055664,50,0.5526384711265564,True,0.20724841952323914,0.061171840876340866,0.09070444107055664,0.11056696881641216,[1.3418334  0.74910102 0.53473344],[1.44735855 0.74719601 0.50178091],83,sac,FetchReachDense-v4,5.0,0.3,models/residual_sac/0.3_auto_auto_200000_20260702-171707/best_model.zip
0.015340078652566425,0.015340078652566425,1.5595287945036314,194.92206960009818,0.2302345633506775,50,0.6254907846450806,False,0.3145929276943207,0.15441888570785522,0.2302345633506775,0.23759914054390852,[1.3418334  0.74910102 0.53473344],[1.19368652 0.88162845 0.40457072],84,sac,FetchReachDense-v4,5.0,0.3,models/residual_sac/0.3_auto_auto_200000_20260702-171707/best_model.zip
0.0026615754300149236,0.0026615754300149236,0.762437015720174,259.3724967579455,0.12967132031917572,50,0.5760843753814697,True,0.2566833794116974,0.07597754150629044,0.12967132031917572,0.16864606658376738,[1.3418334  0.74910102 0.53473344],[1.21057367 0.66199086 0.47453212],85,sac,FetchReachDense-v4,5.0,0.3,models/residual_sac/0.3_auto_auto_200000_20260702-171707/best_model.zip
0.0018850501320332586,0.0018850501320332586,0.38761627123475073,277.83076383319485,0.04542277008295059,50,0.3998028337955475,True,0.11091715842485428,0.03857312351465225,0.04542277008295059,0.052418246200432894,[1.3418334  0.74910102 0.53473344],[1.38958749 0.7407359  0.51480245],86,sac,FetchReachDense-v4,5.0,0.3,models/residual_sac/0.3_auto_auto_200000_20260702-171707/best_model.zip
0.0010105822876146512,0.001008440966321385,0.5854660513916138,298.96758392390973,0.10364703088998795,50,0.5298285484313965,True,0.1840423345565796,0.05844554305076599,0.10364703088998795,0.14779150532869464,[1.3418334  0.74910102 0.53473344],[1.30712861 0.66927218 0.65417072],87,sac,FetchReachDense-v4,5.0,0.3,models/residual_sac/0.3_auto_auto_200000_20260702-171707/best_model.zip
0.0018186634557053238,0.0018186634557053238,0.5620608102522736,283.20622678996415,0.0949455201625824,50,0.5351404547691345,True,0.17706164717674255,0.0560242123901844,0.0949455201625824,0.14003868062257901,[1.3418334  0.74910102 0.53473344],[1.32781782 0.62251117 0.47651483],88,sac,FetchReachDense-v4,5.0,0.3,models/residual_sac/0.3_auto_auto_200000_20260702-171707/best_model.zip
0.0025370555835542027,0.0025370555835542027,0.41757041921331767,268.90556261187385,0.04431428387761116,50,0.280805379152298,True,0.11837156116962433,0.04150333255529404,0.04431428387761116,0.0542728335666286,[1.3418334  0.74910102 0.53473344],[1.38577276 0.7794457  0.5444326 ],89,sac,FetchReachDense-v4,5.0,0.3,models/residual_sac/0.3_auto_auto_200000_20260702-171707/best_model.zip
0.0023876597861152054,0.0023876597861152054,0.7171495975800674,262.82253192862964,0.12289303541183472,50,0.5054939389228821,True,0.24137549102306366,0.07147619128227234,0.12289303541183472,0.15893428510828134,[1.3418334  0.74910102 0.53473344],[1.2346141  0.84050077 0.60828759],90,sac,FetchReachDense-v4,5.0,0.3,models/residual_sac/0.3_auto_auto_200000_20260702-171707/best_model.zip
0.0020105524832601256,0.0020105524832601256,0.761511417796608,266.17449439366686,0.11342422664165497,50,0.5913313627243042,True,0.21869920194149017,0.07595008611679077,0.11342422664165497,0.1485780440432079,[1.3418334  0.74910102 0.53473344],[1.48437908 0.75276262 0.4929871 ],91,sac,FetchReachDense-v4,5.0,0.3,models/residual_sac/0.3_auto_auto_200000_20260702-171707/best_model.zip
0.0022298014540931316,0.0022298014540931316,0.9167388431459457,250.22071523317814,0.1121356263756752,50,0.48728474974632263,True,0.23370352387428284,0.09145090728998184,0.1121356263756752,0.14117147457922005,[1.3418334  0.74910102 0.53473344],[1.48237545 0.75037989 0.547988  ],92,sac,FetchReachDense-v4,5.0,0.3,models/residual_sac/0.3_auto_auto_200000_20260702-171707/best_model.zip
0.0008510083726172015,0.0007655096463207141,0.5425638219671798,310.2201976287561,0.09038908034563065,50,0.5127291083335876,True,0.1453268826007843,0.05417127534747124,0.09038908034563065,0.13780339925456384,[1.3418334  0.74910102 0.53473344],[1.35630342 0.68332572 0.65495825],93,sac,FetchReachDense-v4,5.0,0.3,models/residual_sac/0.3_auto_auto_200000_20260702-171707/best_model.zip
0.002499865706839374,0.002499865706839374,0.7896803374799494,271.2556392490431,0.1367449313402176,50,0.6373928189277649,True,0.25896719098091125,0.07871805131435394,0.1367449313402176,0.20579986196581354,[1.3418334  0.74910102 0.53473344],[1.23006631 0.62016835 0.41967664],94,sac,FetchReachDense-v4,5.0,0.3,models/residual_sac/0.3_auto_auto_200000_20260702-171707/best_model.zip
0.0011046467383104505,0.0011046467383104505,0.49463287794518024,300.31691155870266,0.09128792583942413,50,0.5569531321525574,True,0.1842004954814911,0.049352820962667465,0.09128792583942413,0.12876827544289327,[1.3418334  0.74910102 0.53473344],[1.44928832 0.68161474 0.51281739],95,sac,FetchReachDense-v4,5.0,0.3,models/residual_sac/0.3_auto_auto_200000_20260702-171707/best_model.zip
0.003294253044319624,0.003294253044319624,0.5446184841410758,258.1739481567362,0.06452391296625137,50,0.3400244414806366,True,0.155019149184227,0.05413242429494858,0.06452391296625137,0.0902340491700425,[1.3418334  0.74910102 0.53473344],[1.36376976 0.8347272  0.55287555],96,sac,FetchReachDense-v4,5.0,0.3,models/residual_sac/0.3_auto_auto_200000_20260702-171707/best_model.zip
0.002335938727766334,0.0017231175803225393,0.45370906237850406,288.45486875069844,0.07510965317487717,50,0.5558117032051086,True,0.15645743906497955,0.04513731598854065,0.07510965317487717,0.1127705461009197,[1.3418334  0.74910102 0.53473344],[1.31686245 0.77252242 0.42728538],97,sac,FetchReachDense-v4,5.0,0.3,models/residual_sac/0.3_auto_auto_200000_20260702-171707/best_model.zip
0.0019213254769604087,0.0019213254769604087,0.48213813434202124,273.9341225415084,0.07116604596376419,50,0.4926632046699524,True,0.16287052631378174,0.04802167788147926,0.07116604596376419,0.08782636031084283,[1.3418334  0.74910102 0.53473344],[1.39211972 0.78550656 0.59685745],98,sac,FetchReachDense-v4,5.0,0.3,models/residual_sac/0.3_auto_auto_200000_20260702-171707/best_model.zip
0.039471169589311454,0.03327106729967353,2.402736379886922,160.2452491369786,0.39615294337272644,50,0.537767231464386,False,0.7173880934715271,0.23632651567459106,0.39615294337272644,0.2227622190757241,[1.3418334  0.74910102 0.53473344],[1.41272265 0.89831    0.38528646],99,sac,FetchReachDense-v4,5.0,0.3,models/residual_sac/0.3_auto_auto_200000_20260702-171707/best_model.zip
